MAPID,LATITUDE,LONGITUDE,NAME,LOCATION,MAINTAINER,IN_OPERATION,PET_FRIENDLY,PHOTO_NAME
DFPB0001,49.234947000370603,-123.027254000176000,Fountain location:Aberdeen Park,plaza,Parks,spring to fall,,Aberdeen Park - drinking fountain - 2005.JPG
DFPB0002,49.275858000301199,-123.024141000377990,Fountain location:Adanac Park,SW side of Field house,Parks,spring to fall,,
DFPB0003,49.285554000393397,-123.142392000364000,Fountain location:Alexandra Park,west plaza gateway,Parks,spring to fall,,Alexandra Park - drinking fountain - 2003.jpg
DFPB0004,49.260979999649699,-123.184758999439000,Fountain location:Almond Park,S-side of playground,Parks,spring to fall,,
DFPB0005,49.278810999741999,-123.106193999620000,Fountain location:Andy Livingstone Park - North of basketball court,by amphitheatre steps near bas,Parks,spring to fall,,
DFPB0006,49.277950999834097,-123.103574999947000,Fountain location:Andy Livingstone Park - South of soccer fields,north side of fieldhouse,Parks,spring to fall,,
DFPB0007,49.262128000212897,-123.155318000164000,Fountain location:Arbutus Greenway Park,S-side of playground,Parks,spring to fall,,Arbutus Greenway Park - drinking fountain - 2005.JPG
DFPB0008,49.248678999762198,-123.157990999602010,Fountain location:Arbutus Village Park,S-side of playground,Parks,spring to fall,,
DFPB0009,49.285918999908901,-123.120938999868000,Fountain location:Art Phillips Park (Discovery Square),NW plaza,Parks,spring to fall,,Discovery Square - drinking fountain - 2005.JPG
DFPB0010,49.245614000377799,-123.175341999650000,Fountain location:Balaclava Park,W of wading pool,Parks,spring to fall,,
DFPB0011,49.255191000153999,-123.050070999590010,Fountain location:Beaconsfield Park,adjacent to field house,Parks,spring to fall,,Beaconsfield Park - drinking fountain - 2005.JPG
DFPB0012,49.215521000189298,-123.056107000194000,Fountain location:Bobolink Park,in front of wading pool,Parks,spring to fall,,
DFPB0132,49.247450000228199,-123.066225999973000,Fountain location:Brewers Park,S-side of wading pool,Parks,spring to fall,,
DFPB0013,49.290415000167599,-123.050482999905000,Fountain location:Burrard View Park,N-side of wading pool,Parks,spring to fall,,
DFPB0030,49.284653700186297,-123.101820999994000,Fountain location:CRAB Park at Portside,,Parks,,,
DFPB0014,49.256926000144297,-123.172514000221990,Fountain location:Carnarvon Park,S-side of wading pool,Parks,spring to fall,,
DFPB0016,49.249585000056399,-123.191687999809010,Fountain location:Chaldecott Park,W-side of spray park,Parks,spring to fall,,
DFPB0017,49.268011999984999,-123.125901000518990,Fountain location:Charleson Park,N of school off of seawall,Parks,spring to fall,,
DFPB0018,49.264372000355998,-123.083133999842000,Fountain location:China Creek North Park,S central side along jogging c,Parks,spring to fall,,
DFPB0019,49.261644000105100,-123.079061000581010,Fountain location:China Creek South Park,S-side of skate park,Parks,spring to fall,,
DFPB0020,49.256746000057603,-123.073106999834000,Fountain location:Clark Park,,Parks,,,
DFPB0021,49.270699000425203,-123.050136999676000,Fountain location:Clinton Park - East side of wading pool,E-side of wading pool,Parks,spring to fall,,Clinton Park - drinking fountain - 2005.JPG
DFPB0022,49.271281000401601,-123.051686000138010,Fountain location:Clinton Park - North side of ball diamond,N-side of B-ball diamond,Parks,spring to fall,,
DFPB0023,49.289871000327501,-123.125384999888000,Fountain location:Coal Harbour Park,near playground,Parks,spring to fall,,
DFPB0024,49.236945999599101,-123.036379999852000,Fountain location:Collingwood Park,in front of wading pool,Parks,spring to fall,,
DFPB0025,49.231825000108302,-123.113005000161000,Fountain location:Columbia Park,in front of wading pool,Parks,spring to fall,,Columbia Park - drinking fountain - 2005.JPG
DFPB0027,49.262869000164599,-123.159336000257990,Fountain location:Connaught Park - East side of fieldhouse,near fieldhouse,Parks,year-round,,Connaught Park - drinking fountain - 2005.JPG
DFPB0026,49.261767600085697,-123.161430000024000,Fountain location:Connaught Park - North of playground,,Parks,,,
DFPB0028,49.273808599874698,-123.113056999841010,Fountain location:Coopers' Park,,Parks,,,
DFPB0029,49.272798000140902,-123.114648999735000,"Fountain location:Coopers' Park - underneath bridge, near basket","underneath bridge, near basket",Parks,spring to fall,,Coopers Park - drinking fountain - 2005.JPG
DFPB0031,49.275124800071900,-123.103110999337010,Fountain location:Creekside Park,,Parks,,,
DFPB0032,49.271632000237403,-123.125720000150000,Fountain location:David Lam Park - South west of basketball courts,near playground and tennis court,Parks,spring to fall,,
DFPB0033,49.272394000267298,-123.123289000392010,Fountain location:David Lam Park - South west of playgrounds,"E area, near playground",Parks,spring to fall,,
DFPB0034,49.294985000417100,-123.136001000590990,Fountain location:Devonian Harbour Park,near Stanley Park entrance,Parks,year-round,,
DFPB0036,49.251935999979402,-123.122501999554000,Fountain location:Douglas Park (community centre),exterior of building,Parks,spring to fall,,Douglas Park - drinking fountain 2 - 2005.JPG
DFPB0035,49.253088999620601,-123.122316999446990,Fountain location:Douglas Park - Right side of wading pool,in front of wading pool,Parks,spring to fall,,Douglas Park - drinking fountain 1 - 2005.JPG
DFPB0037,49.205406000277897,-123.132849000544990,Fountain location:Ebisu Park,near playground,Parks,spring to fall,,Ebisu Park - drinking fountain - 2008.JPG
DFPB0038,49.233483999669602,-123.163401000037990,Fountain location:Elm Park,N-side of field house,Parks,spring to fall,,
DFPB0039,49.276991000256302,-123.123796000585000,Fountain location:Emery Barnes Park - Dog off-leash area,,Parks,,,
DFPB0040,49.276535899615702,-123.124281999350000,Fountain location:Emery Barnes Park - South west of playground,,Parks,,,
DFPB0041,49.287418999892203,-123.142573000586000,Fountain location:English Bay Beach Park - Davie st entrance,Davie st entrance,Parks,spring to fall,,English Bay Park - drinking fountain - 2005.jpg
DFPB0042,49.286027000026500,-123.143034999349000,Fountain location:English Bay Beach Park - West of bath-house,opposite entrance to bathhouse,Parks,year-round,,English Bay Park - drinking fountain - 2005.jpg
DFPB0043,49.278900699683497,-123.137935000057000,Fountain location:English Bay Beach Park - concessions,concessions,Parks,spring to fall,,
DFPB0044,49.254842000084103,-123.029979000388000,Fountain location:Falaise Park,in front of wading pool,Parks,spring to fall,,
DFPB0045,49.206419999914900,-123.150808000515990,Fountain location:Fraser River Park - South west ,,Parks,spring to fall,,Fraser River Park - drinking fountain - 2007.JPG
DFPB0046,49.207130000236901,-123.149336999482000,Fountain location:Fraser River Park - park entrance by Angus Dr,near park entrance by Angus Dr,Parks,spring to fall,,Fraser River Park - drinking fountain - 2007.JPG
DFPB0049,49.208210599984596,-123.045695000176000,Fountain location:Fraserview Golf Course - 6th tee,6th tee,Parks,spring to fall,,
DFPB0047,49.211296200266602,-123.042283000584010,Fountain location:Fraserview Golf Course - West of kerr st. , West of kerr st. ,Parks,spring to fall,,
DFPB0048,49.213934699696303,-123.051533000521000,Fountain location:Fraserview Golf Course - clubhouse building ,clubhouse building ,Parks,spring to fall,,
DFPB0050,49.212392099797398,-123.051395000471000,Fountain location:Fraserview Golf Course - driving range ,driving range ,Parks,spring to fall,,
DFPB0051,49.268388999993100,-123.058428000084010,Fountain location:Garden Park,N-side of field house,Parks,spring to fall,,
DFPB0052,49.236498000170599,-123.031411000625990,Fountain location:Gaston Park,near basketball court,Parks,spring to fall,,Gaston Park - drinking fountain - 2005.JPG
DFPB0053,49.212416999877497,-123.093601999410000,Fountain location:George Park,southeast corner of park,Parks,spring to fall,,George Park - drinking fountain - 2005.JPG
DFPB0054,49.271801999976802,-123.129792999387010,Fountain location:George Wainborn Park,NE corner near seawall,Parks,spring to fall,,
DFPB0056,49.273607886678299,-123.070409608867000,Fountain location:Grandview Park - South of playground,By the Playground,Parks,spring to fall,,
DFPB0055,49.273587400396202,-123.070857985288000,Fountain location:Grandview Park - West of Stage,Close to the Stage,Parks,spring to fall,,
DFPB0057,49.267127500233002,-123.137756000030000,Fountain location:Granville Loop Park,,Parks,,,
DFPB0058,49.240977000100500,-123.084994000077000,Fountain location:Grays Park,front of wading pool,Parks,spring to fall,,
DFPB0059,49.264220000239000,-123.095575000183000,Fountain location:Guelph Park,w-side of tennis courts,Parks,spring to fall,,
DFPB0062,49.290001000049301,-123.121693999818010,Fountain location:Harbour Green Park - In front of washrooms,near spray pool,Parks,spring to fall,,
DFPB0060,49.291227999815803,-123.123269999934000,Fountain location:Harbour Green Park - Viewpoint,"west, by seawall",Parks,spring to fall,,
DFPB0061,49.290538999652703,-123.123180000357000,Fountain location:Harbour Green Park - foot of Jervis Mews,foot of Jervis Mews,Parks,spring to fall,,
DFPB0064,49.280368999745903,-123.040624000508000,Fountain location:Hastings Community Park - SE of tennis courts,besides path leading to spray,Parks,spring to fall,,Hastings Community Park - drinking fountain - 2005.JPG
DFPB0063,49.280379000053600,-123.038221000437010,Fountain location:Hastings Community Park - South of wading pool,besides wading pool,Parks,spring to fall,,Hastings Community Park - drinking fountain - 2005.JPG
DFPB0065,49.283143999894300,-123.042959000440010,Fountain location:Hastings Park - Italian gardens,near skate park,Parks,spring to fall,,Hastings Park (Empire Field) - drinking fountain - 2006.JPG
DFPB0070,49.282676516716101,-123.033258474077000,Fountain location:Hastings Park -Plateau Sport Parks / Empire Fields,empire field - soccer fields,Parks,,,Hastings Park (Empire Field) - drinking fountain - 2006.JPG
DFPB0068,49.281735950430203,-123.034387066452000,Fountain location:Hastings Park -Plateau Sport Parks / Empire Fields,East of basketball courts,Parks,,,Hastings Park (Empire Field) - drinking fountain - 2006.JPG
DFPB0067,49.283708217798598,-123.033390574515000,Fountain location:Hastings Park -Plateau Sport Parks / Empire Fields,north of empire field,Parks,spring to fall,,Hastings Park (Empire Field) - drinking fountain - 2006.JPG
DFPB0066,49.282562999772701,-123.034263999797010,Fountain location:Hastings Park -Plateau Sport Parks / Empire Fields,field house at empire field,Parks,spring to fall,,Hastings Park (Empire Field) - drinking fountain - 2006.JPG
DFPB0069,49.282892040312703,-123.034500566518010,Fountain location:Hastings Park -Plateau Sport Parks / Empire Fields,East of playgrounds,Parks,,,Hastings Park (Empire Field) - drinking fountain - 2006.JPG
DFPB0072,49.245662600117697,-123.106969000221990,Fountain location:Hillcrest Park - East side,,Parks,,,
DFPB0071,49.244540443247097,-123.106375175059000,Fountain location:Hillcrest Park - North of playground,,Parks,,,
DFPB0073,49.271908399997002,-123.191735999977990,Fountain location:Jericho Beach Park,,Parks,,,
DFPB0074,49.253929000163502,-123.061985999651990,Fountain location:John Hendry (Trout Lake) Park,nearby beach,Parks,spring to fall,,
DFPB0075,49.264163999882598,-123.107514000503000,Fountain location:Jonathan Rogers Park,E-side of wading pool,Parks,spring to fall,,
DFPB0076,49.263953999694600,-123.045152000173000,Fountain location:Kaslo Park,SE corner of tennis courts,Parks,spring to fall,,
DFPB0077,49.238138000273899,-123.074290000451000,Fountain location:Kensington Park,between baseball diamond and parking lots,Parks,spring to fall,,
DFPB0078,49.233331000024499,-123.157199999423000,Fountain location:Kerrisdale Centennial Park,2nd N-side entrance,Parks,spring to fall,,
DFPB0080,49.229195000285202,-123.045343000283000,Fountain location:Killarney Park - E 45th Ave. @ Killarney St.,north plaza,Parks,spring to fall,,Killarney Park - drinking fountain 2 - 2005.JPG
DFPB0079,49.227058999966701,-123.041881999428990,Fountain location:Killarney Park - East of wading pool,in front of wading pool,Parks,spring to fall,,Killarney Park - drinking fountain 1 - 2005.JPG
DFPB0081,49.247325000036703,-123.074579000006000,Fountain location:Kingcrest Park,E-side of washroom,Parks,spring to fall,,Kingcrest Park - drinking fountain - 2005.JPG
DFPB0084,49.276738999608902,-123.151743000555000,Fountain location:Kitsilano Beach Park - North of parking lot,besides parking lot,Parks,spring to fall,,
DFPB0083,49.274681453974900,-123.153201414458000,Fountain location:Kitsilano Beach Park - South of playground,besides playground,Parks,spring to fall,,
DFPB0082,49.274376595992798,-123.153819691889000,Fountain location:Kitsilano Beach Park - washroom wall,opposite washrooms,Parks,spring to fall,,
DFPB0087,49.219405699889300,-123.106334999766010,Fountain location:Langara Golf Course - East of tennis courts,56th and Ontario,Parks,spring to fall,,
DFPB0086,49.223075200025100,-123.116335999480000,Fountain location:Langara Golf Course - cambie pathway,cambie pathway,Parks,spring to fall,,
DFPB0088,49.223785099803898,-123.112542999721000,Fountain location:Langara Golf Course - clubhouse building ,clubhouse building ,Parks,spring to fall,,
DFPB0085,49.218167186457798,-123.111721242293000,Fountain location:Langara Golf Course - servive yard,servive yard,Parks,spring to fall,,
DFPB0089,49.274968999576302,-123.207164000378000,Fountain location:Locarno Beach Park,near concessions,Parks,spring to fall,,
DFPB0090,49.229970000193603,-123.098511000347000,Fountain location:MacDonald Park,near NW corner of tennis court,Parks,spring to fall,,
DFPB0091,49.278842199887301,-123.089442000272000,Fountain location:Maclean Park,,Parks,,,
DFPB0092,49.261575299957798,-123.107009000081010,Fountain location:Major Matthews Park,,Parks,,,
DFPB0094,49.223179999986002,-123.159702000341000,Fountain location:Maple Grove Park - East of pool,E-side of pool,Parks,spring to fall,,
DFPB0093,49.223507000309397,-123.160831000304000,Fountain location:Maple Grove Park - South of baseball diamond,S-side of baseball diamond,Parks,spring to fall,,
DFPB0095,49.205623999810101,-123.138957999342000,Fountain location:Marpole Park,west entrance to playground,Parks,spring to fall,,Marpole Park - drinking fountain - 2005.JPG
DFPB0096,49.267923000319598,-123.180133999557000,Fountain location:McBride Park,S of playground,Parks,spring to fall,,McBride Park - drinking fountain - 2007.JPG
DFPB0097,49.220377800240399,-123.170894999456000,Fountain location:McCleery Golf Course - 5th tee,5th tee,Parks,spring to fall,,
DFPB0098,49.220955100377303,-123.167862999546000,Fountain location:McCleery Golf Course - clubhouse building ,clubhouse building ,Parks,spring to fall,,
DFPB0099,49.220590699627202,-123.169627999897000,Fountain location:McCleery Golf Course - driving range ,driving range ,Parks,spring to fall,,
DFPB0100,49.220632855952203,-123.170739863010000,Fountain location:McCleery Golf Course - servive yard,servive yard,Parks,spring to fall,,
DFPB0101,49.236423999777799,-123.029107000416000,Fountain location:Melbourne Park,front of tennis courts,Parks,spring to fall,,Melbourne Park - drinking fountain - 2005.JPG
DFPB0102,49.231522925279599,-123.084772336235010,Fountain location:Memorial South Park - West of Softball Diamond,,Parks,,,
DFPB0103,49.231340821548301,-123.086922340561000,Fountain location:Memorial South Park - West of wading pool,W-side of wading pool,Parks,year-round,,
DFPB0104,49.243358000329600,-123.187295999658010,Fountain location:Memorial West Park,S of tennis courts,Parks,spring to fall,,
DFPB0106,49.215338600371503,-123.087199999567010,Fountain location:Moberly Park - Arts & Cultural Centre,,Parks,,,
DFPB0105,49.214827999672799,-123.084598999859000,Fountain location:Moberly Park - West of tennis courts,in front of tennis courts,Parks,spring to fall,,
DFPB0107,49.287429000160898,-123.142264000435010,Fountain location:Morton Park,,Parks,spring to fall,,
DFPB0108,49.273192000416600,-123.074217000538990,Fountain location:Mosaic Creek Park,near children's play area,Parks,spring to fall,,
DFPB0109,49.256865000062596,-123.106445999548000,Fountain location:Mount Pleasant Park,S-side of wading pool,Parks,spring to fall,,
DFPB0110,49.228277000295797,-123.056920000412010,Fountain location:Nanaimo Park,in front of wading pool,Parks,spring to fall,,Nanaimo Park - drinking fountain - 2005.JPG
DFPB0111,49.282837999919600,-123.129981000542000,Fountain location:Nelson Park,middle of park,Parks,spring to fall,,Nelson Park - drinking fountain - 2006.JPG
DFPB0113,49.289268000085499,-123.036665999947000,Fountain location:New Brighton Park - South of pool,S-side of pool,Parks,spring to fall,,New Brighton - drinking fountain 2 - 2007.JPG
DFPB0114,49.289430999620699,-123.038690999951000,Fountain location:New Brighton Park - South west of playground,SW of playground,Parks,spring to fall,,New Brighton - drinking fountain 1 - 2007.JPG
DFPB0112,49.289590000105797,-123.035530999554000,Fountain location:New Brighton Park - West of tennis courts,W-side of tennis courts,Parks,spring to fall,,
DFPB0115,49.238173000096097,-123.050828000368990,Fountain location:Norquay Park,front of wading pool,Parks,spring to fall,,
DFPB0117,49.216882000143599,-123.128154999626010,Fountain location:Oak Park - East of fieldhouse,East side of fieldhouse,Parks,spring to fall,,Oak Park - drinking fountain 3 - 2007.JPG
DFPB0118,49.216584999726599,-123.127387000314000,Fountain location:Oak Park - East of spray park,In spray park,Parks,spring to fall,,Oak Park - drinking fountain 1 - 2007.JPG
DFPB0116,49.216606999876198,-123.129122000243000,Fountain location:Oak Park - North west of field hockey ,Near parking lot,Parks,spring to fall,,Oak Park - drinking fountain 2 - 2007.JPG
DFPB0119,49.282901000043900,-123.094056999889010,Fountain location:Oppenheimer Park,,Parks,,,
DFPB0120,49.282313220901301,-123.057406083565990,Fountain location:Pandora Park,N-side of wading pool,Parks,spring to fall,,
DFPB0190,49.272236414414301,-123.109428620318990,Fountain location:Park Site On South East False Creek,NE side of the park,Parks,,,
DFPB0121,49.271050700046999,-123.110205999992000,Fountain location:Park Site On South East False Creek - Hinge,,Parks,,,
DFPB0122,49.281662899858901,-123.104505000388000,Fountain location:Pioneer Place (Pigeon Park),,Parks,,,
DFPB0124,49.237420000211898,-123.105620999823000,Fountain location:Queen Elizabeth Park - 37th and Ontario,37th and Ontario,Parks,spring to fall,,Queen Elizabeth Park - drinking fountain 1 - 2006.JPG
DFPB0125,49.242275000411801,-123.113543000243000,Fountain location:Queen Elizabeth Park - At Conservatory,At Conservatory,Parks,spring to fall,,Queen Elizabeth Park (Ontario Greenway) - drinking fountain 2 - 2006.JPG
DFPB0123,49.239167000399100,-123.111541999672000,Fountain location:Queen Elizabeth Park - Pitch and Putt Course,Pitch and Putt Course,Parks,year-round,,
DFPB0126,49.244620000185499,-123.148828000254990,Fountain location:Quilchena Park,W-side of fieldhouse,Parks,spring to fall,,
DFPB0127,49.252110000108900,-123.042085999774000,Fountain location:Renfrew Community Park,adjacent to wading pool,Parks,spring to fall,,Renfrew Park - drinking fountain - 2007.JPG
DFPB0188,49.242582726230303,-123.104807230918000,Fountain location:Riley Park,West side of the park,Parks,,,
DFPB0128,49.205755000389601,-123.051817000621990,Fountain location:Riverfront Park - East of washrooms,E-side of washrooms,Parks,spring to fall,,
DFPB0129,49.205739000067403,-123.050981000319000,Fountain location:Riverfront Park - West of tennis courts,w-side of tennis courts,Parks,spring to fall,,
DFPB0130,49.257792000092302,-123.091911999927010,Fountain location:Robson Park,N-side of wading pool,Parks,spring to fall,,
DFPB0133,49.216811000279797,-123.082434000270000,Fountain location:Ross Park,in front of wading pool,Parks,spring to fall,,
DFPB0131,49.216947000199099,-123.082635000048000,Fountain location:Ross Park,near shelter,Parks,spring to fall,,
DFPB0135,49.271120000413603,-123.033079000014000,Fountain location:Rupert Park,E-side of playground,Parks,spring to fall,,
DFPB0136,49.270148000074400,-123.030627000498000,Fountain location:Rupert Park - East of fieldhouse,E-side of Field house,Parks,spring to fall,,Rupert Park - drinking fountain 1 - 2007.JPG
DFPB0134,49.273071000416898,-123.030635999886000,Fountain location:Rupert Park - South of golf entrance booth,S-side of golf entrance booth,Parks,spring to fall,,Rupert Park - drinking fountain 2 - 2007.JPG
DFPB0137,49.270990000233901,-123.146205000056000,Fountain location:Seaforth Peace Park,S end plaza,Parks,spring to fall,,
DFPB0189,49.272076901776700,-123.105753845440010,Fountain location:Seawall - Creekside ,Seawall - in front of Creekside Community Recreation Centre,Parks,,,
DFPB0138,49.258254273549603,-123.049751006919000,Fountain location:Slocan Greenway ,12th and slocan ,Parks,spring to fall,,
DFPB0139,49.244294000212399,-123.048373000361000,Fountain location:Slocan Park,near playground,Parks,spring to fall,,
DFPB0140,49.277483999993002,-123.222395999337000,Fountain location:Spanish Banks Beach Park,on north wall of washrooms,Parks,spring to fall,,
DFPB0162,49.291033557299500,-123.145379704381000,Fountain location:Stanley Park - Admin building,Park Board Office,Parks,year-round,,
DFPB0159,49.299062975159600,-123.124291357073010,Fountain location:Stanley Park - Brockton Cricket Pavilion,Brockton Clubhouse,Parks,,,
DFPB0155,49.299649423788701,-123.126153454161000,Fountain location:Stanley Park - Brockton Oval Fieldhouse,brockton oval,Parks,spring to fall,,
DFPB0158,49.300769032874101,-123.117131045039000,Fountain location:Stanley Park - Brockton Point Viewpoint,Brockton point - lighthouse,Parks,spring to fall,,
DFPB0145,49.293645306813801,-123.148721580615000,Fountain location:Stanley Park - Ceperley Washrooms,Ceperley washrooms,Parks,spring to fall,,
DFPB0161,49.292524524405003,-123.144676748172000,Fountain location:Stanley Park - Dog Off-leash area,Beside Dog off-leash area,Parks,spring to fall,,
DFPB0160,49.291473002858403,-123.146904442973000,Fountain location:Stanley Park - Lawn Bowling Club,Lawn Bowling,Parks,spring to fall,,
DFPB0154,49.299527804580400,-123.121300089639010,Fountain location:Stanley Park - Legends Of The Moon Washroom,Legends Of The Moon - Washroom,Parks,,,
DFPB0142,49.302999999735697,-123.130695000661010,Fountain location:Stanley Park - Lumbermen's Arch,Lumbermen's Arch,Parks,year-round,,
DFPB0186,49.299024002316798,-123.134159469583000,Fountain location:Stanley Park - North east of Rose and Perennial Ga,,Parks,,,
DFPB0141,49.313382427142500,-123.142452599558000,Fountain location:Stanley Park - Prospect Point Lookout,Prospect Point viewing,Parks,spring to fall,,
DFPB0156,49.310617943033598,-123.148203299790000,Fountain location:Stanley Park - Prospect Point Picnic Site,Prospect Point picnic area,Parks,spring to fall,,
DFPB0147,49.312387693272200,-123.142730486318000,Fountain location:Stanley Park - Prospect Point Washrooms,prospect point washrooms,Parks,spring to fall,,
DFPB0149,49.293007000330498,-123.146486999570000,Fountain location:Stanley Park - Putting Green,Pitch and Putt Course,Parks,,,
DFPB0151,49.294878994454898,-123.150027364281000,Fountain location:Stanley Park - Second Beach,Second Beach,Parks,year-round,,
DFPB0152,49.295467199852098,-123.151055999623000,Fountain location:Stanley Park - Second Beach Pool,Second Beach pool deck,Parks,spring to fall,,
DFPB0144,49.297870348319300,-123.134986376357010,Fountain location:Stanley Park - South west of playground,Rose Garden playground,Parks,,,
DFPB0157,49.299499640708603,-123.133804935979000,Fountain location:Stanley Park - Stanley Park Pavilion,pavillion outside washrooms,Parks,,,
DFPB0143,49.292219621013800,-123.146012493695000,Fountain location:Stanley Park - Tennis Courts,near Tennis Courts & Fish House,Parks,year-round,,
DFPB0153,49.303155999741698,-123.156334999871010,Fountain location:Stanley Park - Third Beach Seawall,Third beach seawall,Parks,spring to fall,,
DFPB0146,49.292239000347898,-123.147000000189000,Fountain location:Stanley Park - West of Restaurant ,W - side of Fish House,Parks,spring to fall,,
DFPB0150,49.298951383635398,-123.120690088736000,Fountain location:Stanley Park - West of Shore to Shore sculpture,Totem poles,Parks,,,
DFPB0148,49.301561600170302,-123.134528999615000,Fountain location:Stanley Park - West side of Stanley Park Train,,Parks,,,
DFPB0163,49.275909621477503,-123.085577225742990,Fountain location:Strathcona Park - North west of basketball court,besides basketball court,Parks,spring to fall,,
DFPB0164,49.274827000079199,-123.086688999328000,Fountain location:Strathcona Park - besides baseball diamond,besides baseball diamond,Parks,spring to fall,,
DFPB0165,49.266893000106798,-123.035669000582000,Fountain location:Sunrise Park,N-side of wading pool,Parks,spring to fall,,
DFPB0066,49.278895999847400,-123.138020000352990,Fountain location:Sunset Beach ,on building wall ,Parks,spring to fall,,English Bay Park - drinking fountain - 2005.jpg
DFPB0167,49.222849301284000,-123.096482187335000,Fountain location:Sunset Park,front of wading pool,Parks,spring to fall,,
DFPB0168,49.269120999848703,-123.134031000332000,Fountain location:Sutcliffe Park,S-side of false creek communit,Parks,spring to fall,,
DFPB0169,49.257355999819502,-123.098590000310000,Fountain location:Tea Swamp Park,NE corner of park,Parks,spring to fall,,
DFPB0170,49.229607699639203,-123.070190999798000,Fountain location:Tecumseh Park,middle of park,Parks,spring to fall,,
DFPB0171,49.228371000190201,-123.118266000141010,Fountain location:Tisdall Park,near North baseball diamond,Parks,spring to fall,,
DFPB0172,49.251273000313397,-123.163837000220990,Fountain location:Trafalgar Park,E-side of wading pool,Parks,spring to fall,,
DFPB0173,49.274960300192198,-123.093121999751010,Fountain location:Trillium Park,on west side of building ,Parks,spring to fall,,
DFPB0187,49.260519093631203,-123.050134814472000,Fountain location:Vancouver Technical HS,NE of the sport field,Parks,,,
DFPB0175,49.239401300331700,-123.129438999779000,Fountain location:Vandusen Botanical Garden,near reflecting pond,Parks,spring to fall,,
DFPB0174,49.238615400121397,-123.129938999365000,Fountain location:Vandusen Botanical Garden - upper gardens,upper gardens,Parks,spring to fall,,
DFPB0176,49.275111999887599,-123.139768999575000,Fountain location:Vanier Park (Burrard Civic Marina),,Parks,year-round,,
DFPB0177,49.271612967330199,-123.066762284782000,Fountain location:Victoria Park,adjacent to children's play area,Parks,spring to fall,,Victoria Park - drinking fountain - 2007.JPG
DFPB0178,49.281845000093703,-123.110066000410000,Fountain location:Victory Square,south corner of park,Parks,spring to fall,,Victory Square - drinking fountain - 2008.JPG
DFPB0179,49.263047999887000,-123.073108000583010,Fountain location:W.C. Shelly Park,,Parks,spring to fall,,
DFPB0180,49.285189999813099,-123.128044999670000,Fountain location:West End minipark,Bute & Haro,Parks,spring to fall,,West End Minipark @ Bute & Haro - drinking fountain - 2005.JPG
DFPB0181,49.281987000127302,-123.136051999559000,Fountain location:West End minipark - JERVIS ST @ BURNABY ST,north end,Parks,spring to fall,,
DFPB0183,49.266021000107500,-123.205261999702000,Fountain location:West Point Grey Park - North of wading pool,N-side of wading pool,Parks,spring to fall,,
DFPB0182,49.266853604644297,-123.205161207435000,Fountain location:West Point Grey Park - lawn bowling court,In lawn bowling court,Parks,spring to fall,,
DFPB0184,49.215839000431700,-123.113059000144010,Fountain location:Winona Park,near playground,Parks,spring to fall,,
DFPB0185,49.278442000268001,-123.073423999943000,Fountain location:Woodland Park,in front of wading pool,Parks,spring to fall,,
DFENG0500,49.266341099999998,-123.125913999999990,Bottle Filling Station location: Charleson Park Pumping Station,North side of sewage pumping station 900 Charleson,Engineering,Year Round,N,CharlesonParkPumpingStation.jpg
DFENG0501,49.257924000000003,-123.041381000000000,Bottle Filling Station location: Grandview Hwy Pumping Station ,,Engineering,Year Round,N,GrandviewHwyPumpingStation.jpg
DFENG0502,49.269565999999998,-123.136177000000000,Bottle Filling Station location: Granville Island Pumping Station,North side of sewage pumping station on seawall east of the granville island entrance,Engineering,Year Round,N,GranvilleIslandPumpingStation.jpg
DFENG0503,49.273334499999997,-123.131579000000000,Bottle Filling Station location: Granville St Pumping Station,North side of sewage pumping station under Granville Bridge on bike route,Engineering,Year Round,N,GranvilleStPumpingStation.jpg
DFENG0504,49.273714200000001,-123.152780600000000,Bottle Filling Station location: Kitsilano Pumping Station,North side of sewage pumping station on w/s/ 1300 Arbutus,Engineering,Year Round,N,KitsilanoPumpingStation.jpg
DFENG0505,49.273036800000000,-123.098885999999990,Bottle Filling Station location: Thornton Park Pumping Station,West side of sewage pumping station on w/s/ 1200 Station St,Engineering,Year Round,N,ThorntonParkPumpingStation.jpg
DFENG0011,49.265329000000001,-123.142081000000000,Fountain location:1650 W 7th,"Midblock, outside of 1650 W 7th",Engineering,May-October,Y,1650 w 7th 2.JPG
DFENG0001,49.245761999999999,-123.101020000000010,Fountain location:28th & Main,Northeast corner of 28th & Main,Engineering,May-October,N,Main 28th 1.JPG
DFENG0012,49.237586999999998,-123.127384000000010,Fountain location:37th & Oak,Southeast corner of 37th & Oak,Engineering,May-October,N,Oak 37th 2.JPG
DFENG0013,49.237445999999998,-123.105647000000000,Fountain location:37th & Ontario,Northwest corner of 37th & Ontario,Engineering,May-October,N,Ontario&37th.jpg
DFENG0018,49.237195200000002,-123.097282949999990,Fountain location:37th & Prince Edward,Northwest corner of 37th & Prince Edward,Engineering,May-October,Y,Prince Ed 37th 4.JPG
DFENG0002,49.234752000000000,-123.058912000000010,Fountain location:39th & Nanaimo,Southwest corner of 39th & Nanaimo,Engineering,May-October,N,Nanaimo&39th.jpg
DFENG0003,49.268227770000003,-123.152705999999990,Fountain location:4th & Arbutus,Northeast corner of 4th & Arbutus,Engineering,May-October,N,P3140883.JPG
DFENG0004,49.219504999999998,-123.106415000000000,Fountain location:56th & Ontario,Northwest corner of 56th & Ontario,Engineering,May-October,Y,Ontario 56th 2.JPG
DFENG0014,49.264659899999998,-123.112967000000000,Fountain location:7th & Yukon,Southwest corner of 7th & Yukon,Engineering,May-October,N,Yukon&7th.jpg
DFENG0022,49.218754799999999,-123.055044000000000,Fountain location:Ashburn & Elliot,Northwest corner of Ashburn & Elliot,Engineering,May-October,N,Ashburn&Elliot.jpg
DFENG0015,49.262875000000001,-123.105026000000000,Fountain location:Broadway & Ontario,Southwest corner of Broadway & Ontario,Engineering,May-October,N,Broadway ON 2.JPG
DFENG0032,49.264235139999997,-123.166647400000000,Fountain location:Broadway & Stephens,Northwest corner of Broadway & Stephens,Engineering,May-October,N,P3140921.JPG
DFENG0016,49.262065999999997,-123.065619000000000,Fountain location:Broadway & Victoria,Southeast corner of Broadway & Victoria,Engineering,May-October,N,Broadway Victoria 2.JPG
DFENG0024,49.279247545381203,-123.129232100620000,Fountain location:Burrard & Davie,Northwest corner of Burrard & Davie,Engineering,Year Round,N,Davie&Burrard.jpg
DFENG0005,49.284519879999998,-123.139554390000000,Fountain location:Cardero & Burnaby,In the mini park at Cardero & Burnaby,Engineering,May-October,N,P2080275.JPG
DFENG0021,49.267819400000000,-123.069390670000000,Fountain location:Commercial & 3rd,Northeast corner of Commercial & 3rd,Engineering,May-October,Y,Commercial&3rd.jpg
DFENG0025,49.286738399999997,-123.136516000000000,Fountain location:Comox & Cardero,Northeast corner of Comox & Cardero,Engineering,Year Round,N,Comox&Cardero.jpg
DFENG0026,49.290674070000001,-123.142646860000000,Fountain location:Comox & Chilco,In mini park at Comox & Chilco,Engineering,May-October,N,Comox&Chilco.jpg
DFENG0027,49.288785699999998,-123.139690000000000,Fountain location:Comox & Denman,Northwest corner of Comox & Denman,Engineering,Year Round,N,Comox&Denman.jpg
DFENG0033,49.289224830000002,-123.138548540000000,Fountain location:Denman & Nelson,Southwest corner of Denman & Nelson,Engineering,May-October,N,P3011141.JPG
DFENG0017,49.236527400000000,-123.084037000000000,Fountain location:Elgin & 37th,Northwest corner of Elgin & 37th,Engineering,May-October,N,Elgin&37th.jpg
DFENG0028,49.289777030000003,-123.141286550000000,Fountain location:Gilford & Comox,Northwest corner of Gilford & Comox,Engineering,May-October,N,Comox&Gilford.jpg
DFENG0006,49.290498659999997,-123.140225160000000,Fountain location:Gilford & Nelson,Northwest corner of Gilford & Nelson,Engineering,May-October,N,P3011198.jpg
DFENG0029,49.217311700000003,-123.139585999999990,Fountain location:Granville & 59th,Northeast corner of Granville & 59th,Engineering,Year Round,N,Granville&59th.jpg
DFENG0019,49.281542000000002,-123.119936999999990,Fountain location:Granville & Robson,Northwest corner of Granville & Robson,Engineering,Year Round,N,Granville Robson 2.JPG
DFENG0020,49.281385999999998,-123.097230999999990,Fountain location:Hastings & Gore,Northeast corner of Hastings & Gore,Engineering,Year Round,Y,Hastings&Gore.jpg
DFENG0034,49.280997999999997,-123.054447999999990,Fountain location:Hastings & Kamloops,Northeast corner of Hastings & Kamloops,Engineering,May-October,N,Hastings Kamploops 1.JPG
DFENG0023,49.261059400000001,-123.100784000000000,Fountain location:Main & 11th,Southeast corner of Main & 11th,Engineering,Year Round,N,Main&11th.jpg
DFENG0007,49.285710229999999,-123.133336750000000,Fountain location:Nelson & Broughton,In mini park at Nelson & Broughton,Engineering,May-October,N,P2130403.JPG
DFENG0008,49.282384999999998,-123.140508000000000,Fountain location:Nicola & Beach,Northeast corner of Nicola & Beach,Engineering,May-October,N,Nicola Beach 1.JPG
DFENG0009,49.283065989999997,-123.122290539999990,Fountain location:Robson & Burrard,Northeast corner of Robson & Burrard,Engineering,May-October,Y,P2190667.JPG
DFENG0010,49.293457160000003,-123.138270019999990,Fountain location:Robson & Chilco,In mini park at Robson & Chilco,Engineering,May-October,N,P2020133.JPG
DFENG0030,49.277572399999997,-123.087389000000000,Fountain location:Union & Hawks,In mini park at Union & Hawks,Engineering,Year Round,N,Union&Hawks.jpg
DFENG0031,49.262293999999997,-123.114544000000000,Fountain location: Cambie & 10th,Northeast corner of Cambie & 10th,Engineering,Year Round,N,
DFENG0039,49.281882000000003,-123.133951999999990,Fountain location: Davie & Bute (Jim Deva Plaza),1200 Davie Street,Engineering,Year Round,Y,
DFENG0037,49.229343999999998,-123.127987000000000,Fountain location: Oak & 46th,Northeast corner of Oak & 46th,Engineering,Year Round,N,Oak&46th.jpg
DFENG0040,49.271935999999997,-123.179475000000000,Fountain location: Point Grey Road & Waterloo,1600 Waterloo St,Engineering,Year Round,N,
DFENG0038,49.279671999999998,-123.123513000000000,Fountain location:Nelson & Howe,Southeast corner of Nelson & Howe,Engineering,Year Round,N,
DFENG0036,49.271673999999997,-123.167863000000000,Fountain location:Pt.Grey & MacDonald,Northwest corner of Pt. Grey & MacDonald,Engineering,Year Round,N,Pt. Grey&MacDonald.jpg
DFENG0035,49.262627999999999,-123.089225000000000,Fountian Location: Fraser & Broadway ,Northwest corner of Fraser & Broadway ,Engineering,Year Round,N,
